유치원명,주소
서울신정유치원,서울특별시 양천구 신정로7길 81-4
서울고일초등학교병설유치원,서울특별시 강동구 구천면로93길 20
서울오류남초등학교병설유치원,서울특별시 구로구 서해안로24길 22
서울좋은소리유치원,서울특별시 성북구 길음로13길 29
서울수명유치원,서울특별시 강서구 수명로1길 76
서울금낭화유치원,서울특별시 강서구 금낭화로 35
라온유치원,서울특별시 동대문구 답십리로48길 56
꿈동산아이유치원,서울특별시 노원구 동일로227길 26
서울구암유치원,서울특별시 관악구 은천로 93
서울응암초등학교병설유치원,서울특별시 은평구 가좌로6길 20
서울신봉초등학교병설유치원,서울특별시 관악구 양녕로6나길 1
서울우신초등학교병설유치원,서울특별시 영등포구 신길로 190
서울어울초등학교병설유치원,서울특별시 은평구 통일로 650
서울장위초등학교병설유치원,서울특별시 성북구 장월로8가길 41
서울정심초등학교병설유치원,서울특별시 금천구 독산로78다길 89
서울항동유치원,서울특별시 구로구 연동로8길 15
서울송정초등학교병설유치원,서울특별시 강서구 공항대로3길 18
서울양재유치원,서울특별시 서초구 바우뫼로18길 14
서울등촌초등학교병설유치원,서울특별시 강서구 등촌로39길 71
서울청운초등학교병설유치원,서울특별시 종로구 자하문로 105
서울송천초등학교병설유치원,서울특별시 강북구 삼양로20길 29
서울행림초등학교병설유치원,서울특별시 동작구 솔밭로 47
서울금호초등학교병설유치원,서울특별시 성동구 무수막길 69
서울중흥초등학교병설유치원,서울특별시 중랑구 봉화산로 82
서울개화초등학교병설유치원,서울특별시 강서구 양천로 11
서울포이초등학교병설유치원,서울특별시 강남구 개포로22길 87
서울신림초등학교병설유치원,서울특별시 관악구 문성로28길 31
서울등명초등학교병설유치원,서울특별시 강서구 강서로56나길 34
강남유정유치원,서울특별시 강남구 광평로34길 17
서울세명유치원,서울특별시 강남구 자곡로 55
서울남부초등학교병설유치원,서울특별시 관악구 남부순환로163길 14
정원유치원,서울특별시 동대문구 사가정로 276-19
서울노량진초등학교병설유치원,서울특별시 동작구 장승배기로 160
서울문교초등학교병설유치원,서울특별시 금천구 독산로54길 102
서울영풍초등학교병설유치원,서울특별시 송파구 오금로57길 15
서울본동초등학교병설유치원,서울특별시 동작구 노량진로26길 16-40
서울신구유치원,서울특별시 강남구 압구정로18길 28
서울거원초등학교병설유치원,서울특별시 송파구 양산로2길 26
서울강솔초등학교병설유치원,서울특별시 강동구 고덕로97길 80
서울이문유치원,서울특별시 동대문구 신이문로 16
다우림유치원,서울특별시 은평구 증산로21길 22
란키즈유치원,서울특별시 송파구 새말로8길 22-5
꿈꾸는유치원,서울특별시 양천구 오목로4길 8
서울상계초등학교병설유치원,서울특별시 노원구 상계로9길 39
한신유치원,서울특별시 서초구 잠원로3길 31
서울금나래초등학교병설유치원,서울특별시 금천구 시흥대로79길 37
서울경일초등학교병설유치원,서울특별시 성동구 뚝섬로 332
이솔유치원,서울특별시 강서구 곰달래로33가길 6
시현유치원,서울특별시 동작구 만양로8길 50
서울신학초등학교병설유치원,서울특별시 도봉구 방학로 247-21
서울강월초등학교병설유치원,서울특별시 양천구 신월로 97
서울중광초등학교병설유치원,서울특별시 광진구 긴고랑로13길 59
서울광희초등학교병설유치원,서울특별시 중구 다산로 269
홍익가족유치원,서울특별시 송파구 삼학사로19길 20
정암유치원,서울특별시 중랑구 용마산로118길 55
서울위례별유치원,서울특별시 송파구 위례순환로 371
서울가재울초등학교병설유치원,서울특별시 서대문구 모래내로15길 61
서울면북초등학교병설유치원,서울특별시 중랑구 용마공원로5길 32
서울중랑초등학교병설유치원,서울특별시 중랑구 봉우재로6길 26
나나유치원,서울특별시 강서구 등촌로13바길 46
린덴바움유치원,서울특별시 종로구 통일로12길 51
서울번동초등학교병설유치원,서울특별시 강북구 오현로 204
새싹유치원,서울특별시 강서구 곰달래로49길 10
행복한숲유치원,서울특별시 동작구 만양로 26
서울은곡유치원,서울특별시 강남구 헌릉로569길 41
밤비니유치원,서울특별시 강서구 남부순환로7길 39
서울탑산초등학교병설유치원,서울특별시 강서구 허준로 109
서울가양초등학교병설유치원,서울특별시 강서구 허준로 186
윤희유치원,서울특별시 강서구 강서로 216-23
서울청계숲유치원,서울특별시 서초구 청계산로11길 14
세신유치원,서울특별시 양천구 목동동로1길 38
위례우일유치원,서울특별시 송파구 성내천로47길 38-1
서울동명초등학교병설유치원,서울특별시 성동구 마장로29길 29
서울한서초등학교병설유치원,서울특별시 마포구 대흥로24바길 27
예원유치원,서울특별시 서초구 태봉로2길 21
행복한유치원,서울특별시 강서구 강서로62길 40
목동유치원,서울특별시 양천구 오목로42길 13
서울마곡유치원,서울특별시 강서구 마곡서1로 139-13
서울성산초등학교병설유치원,서울특별시 마포구 양화로3길 94
모아유치원,서울특별시 동작구 동작대로27길 62
굿프랜드유치원,서울특별시 영등포구 대방천로 180
서울자곡초등학교병설유치원,서울특별시 강남구 자곡로 150
서울율현초등학교병설유치원,서울특별시 강남구 밤고개로21길 15
서울언남초등학교병설유치원,서울특별시 서초구 헌릉로8길 42
서울새솔유치원,서울특별시 중랑구 신내역로1길 136
서울상도유치원,서울특별시 동작구 만양로3길 48
서울장곡초등학교병설유치원,서울특별시 성북구 장월로23길 16
서울면동초등학교병설유치원,서울특별시 중랑구 면목로57길 32
서울신명초등학교병설유치원,서울특별시 강동구 명일로24길 33
서울용답초등학교병설유치원,서울특별시 성동구 용답25길 1
무지개영재유치원,서울특별시 영등포구 양산로17길 8
대원유치원,서울특별시 광진구 뚝섬로41길 20
서울세곡초등학교병설유치원,서울특별시 구로구 고척로33길 34
서울도곡초등학교병설유치원,서울특별시 강남구 선릉로64길 33
서울방이초등학교병설유치원,서울특별시 송파구 위례성대로10길 4
서울솔가람유치원,서울특별시 송파구 위례순환로 419
서울구일초등학교병설유치원,서울특별시 구로구 구일로 68
서울하늘숲유치원,서울특별시 구로구 오리로 1102-19
서울강남초등학교병설유치원,서울특별시 동작구 강남초등길 15
하늘유치원,서울특별시 은평구 진관1로 77-15
샛별유치원,서울특별시 동작구 상도로50길 36-1
은새유치원,서울특별시 강동구 고덕로62길 58
삼성유치원,서울특별시 동대문구 사가정로 65
서울양화초등학교병설유치원,서울특별시 양천구 목동중앙북로16길 57
서울강신초등학교병설유치원,서울특별시 양천구 월정로 280
서울월정초등학교병설유치원,서울특별시 강서구 월정로 176
푸른나라유치원,서울특별시 영등포구 당산로35길 3
자연아이유치원,서울특별시 도봉구 도당로6길 14-11
서울언주초등학교병설유치원,서울특별시 강남구 남부순환로363길 19
새움유치원,서울특별시 송파구 중대로27길 2
서울서정초등학교병설유치원,서울특별시 양천구 목동로8길 19
서울영동초등학교병설유치원,서울특별시 영등포구 국회대로53길 20
서울남천초등학교병설유치원,서울특별시 송파구 성내천로 207
서울남성초등학교병설유치원,서울특별시 동작구 사당로23길 57-14
서울평화초등학교병설유치원,서울특별시 송파구 송파대로26길 22
서울구로남초등학교병설유치원,서울특별시 구로구 디지털로27길 76
서울우솔초등학교병설유치원,서울특별시 서초구 양재대로2길 74
서초유치원,서울특별시 서초구 양재대로2길 100-64
서울개원초등학교병설유치원,서울특별시 강남구 선릉로 29
서울연은초등학교병설유치원,서울특별시 은평구 백련산로2길 35
서울우암초등학교병설유치원,서울특별시 서초구 바우뫼로7길 38
서울청파초등학교병설유치원,서울특별시 용산구 효창원로 228
해맑은유치원,서울특별시 서대문구 거북골로21길 55
반석유치원,서울특별시 강동구 양재대로124길 89-18
강일늘사랑유치원,서울특별시 강동구 아리수로98길 62
청담몬테소리유치원,서울특별시 강남구 학동로67길 15
강동유정유치원,서울특별시 강동구 상일로10길 41
푸른동산유치원,서울특별시 구로구 서해안로 2201
하나유치원,서울특별시 은평구 진관4로 93
서울대왕초등학교병설유치원,서울특별시 강남구 헌릉로618길 8
루이유치원,서울특별시 성북구 서경로6길 13
노원 삼육유치원,서울특별시 노원구 공릉로42길 13-1
오즈의마법사유치원,서울특별시 강남구 헌릉로618길 14
고덕한울유치원,서울특별시 강동구 양재대로 1706
온누리유치원,서울특별시 노원구 동일로227길 47
서울은빛유치원,서울특별시 은평구 진관3로 73-11
예일유치원,서울특별시 관악구 낙성대역14길 6
영그린유치원,서울특별시 관악구 참숯5길 12
꿈나무유치원,서울특별시 양천구 목동서로 280
참사랑유치원,서울특별시 금천구 벚꽃로 73
이루니유치원,서울특별시 중랑구 신내로7다길 57
서울연신초등학교병설유치원,서울특별시 은평구 연서로 347
창문유치원,서울특별시 강북구 월계로 61
서울성수초등학교병설유치원,서울특별시 성동구 아차산로17길 21
서울면목초등학교병설유치원,서울특별시 중랑구 면목로 434
서울문창초등학교병설유치원,서울특별시 동작구 신대방2길 14
서울우면초등학교병설유치원,서울특별시 서초구 태봉로 59
서울창신초등학교병설유치원,서울특별시 종로구 지봉로 73
서울연천초등학교병설유치원,서울특별시 은평구 연서로34길 22
서울천호초등학교병설유치원,서울특별시 강동구 구천면로 310-11
예그린유치원,서울특별시 도봉구 노해로 201-1
티움유치원,서울특별시 송파구 송파대로36길 32-6
숲유치원,서울특별시 은평구 진관2로 37
서울진관유치원,서울특별시 은평구 진관2로 111-16
서울대방초등학교병설유치원,서울특별시 영등포구 여의대방로35길 14
잠실럭키유치원,서울특별시 송파구 올림픽로 135
서울화계초등학교병설유치원,서울특별시 강북구 솔매로50가길 25
서울천왕초등학교병설유치원,서울특별시 구로구 천왕로1길 11
서울신은초등학교병설유치원,서울특별시 양천구 신정이펜2로 30
예은유치원,서울특별시 강서구 까치산로4길 101-5
등촌이화유치원,서울특별시 강서구 화곡로63가길 26
서울논현초등학교병설유치원,서울특별시 강남구 강남대로120길 33
키즈위즈유치원,서울특별시 노원구 덕릉로86길 65
서울하늘초등학교병설유치원,서울특별시 마포구 월드컵북로 502-14
송파유정유치원,서울특별시 송파구 충민로 177
반포자이유치원,서울특별시 서초구 신반포로 270
옥수예일유치원,서울특별시 성동구 독서당로 191
해뜨는유치원,서울특별시 성북구 서경로2길 16
희산유치원,서울특별시 노원구 덕릉로 459-18
월드유치원,서울특별시 마포구 월드컵로42길 38
삼풍유치원,서울특별시 도봉구 노해로63가길 101
꿈터유치원,서울특별시 노원구 동일로230길 63
우람유치원,서울특별시 강서구 방화대로45길 32
신목유치원,서울특별시 양천구 목동중앙북로10길 7-10
마포대진유치원,서울특별시 마포구 성미산로 110
서울구현초등학교병설유치원,서울특별시 은평구 갈현로15길 51
생명나무유치원,서울특별시 송파구 송파대로8길 17
서울은명초등학교병설유치원,서울특별시 은평구 은평로4길 21-9
서울송원초등학교병설유치원,서울특별시 성동구 동일로43길 9
서울수색초등학교병설유치원,서울특별시 은평구 수색로16길 21
돌샘유치원,서울특별시 강동구 고덕로 131
다우림명문유치원,서울특별시 은평구 진관4로 31
우현유치원,서울특별시 강서구 강서로 348
미래클유치원,서울특별시 강서구 수명로1길 76
꿈나라유치원,서울특별시 관악구 난곡로 42
잠실밀알유치원,서울특별시 송파구 석촌호수로 103
아이파크예원유치원,서울특별시 강서구 강서로 266
우촌유치원,서울특별시 성북구 성북로4길 52-1
예일유치원,서울특별시 강서구 강서로47길 126
구강사금강유치원,서울특별시 강동구 천중로 64
서울경동유치원,서울특별시 성동구 성수일로 34
행복유치원,서울특별시 동작구 양녕로23길 25
서울장월초등학교병설유치원,서울특별시 성북구 한천로101길 66
고덕유치원,서울특별시 강동구 구천면로 645
대진유치원,서울특별시 마포구 성미산로11길 36
파란나라유치원,서울특별시 영등포구 도신로8길 17
서울상지초등학교병설유치원,서울특별시 마포구 월드컵로42길 30
성균관유치원,서울특별시 은평구 연서로27길 23
서울송전초등학교병설유치원,서울특별시 송파구 석촌호수로 159
서울군자초등학교병설유치원,서울특별시 동대문구 한천로6길 21
서울길원초등학교병설유치원,서울특별시 성북구 길음로15길 55
푸른샘유치원,서울특별시 성북구 길음로13길 29
은평국제유치원,서울특별시 은평구 은평로3가길 32
성아유치원,서울특별시 은평구 응암로14길 21
서울대동초등학교병설유치원,서울특별시 영등포구 대림로21길 6
서울베네딕도유치원,서울특별시 성북구 아리랑로16길 52
연유치원,서울특별시 서대문구 명지대길 39-4
서울인왕초등학교병설유치원,서울특별시 서대문구 세무서길 33-9
서울돈암초등학교병설유치원,서울특별시 성북구 동소문로13길 38
서울염경초등학교병설유치원,서울특별시 강서구 양천로69길 49
서울장수초등학교병설유치원,서울특별시 양천구 신정로13가길 30
서울휘봉초등학교병설유치원,서울특별시 동대문구 장안벚꽃로 309
서울상경초등학교병설유치원,서울특별시 노원구 수락산로 237
도곡렉슬유치원,서울특별시 강남구 선릉로 221
꽃동산유치원,서울특별시 노원구 공릉로 257
빛나라유치원,서울특별시 성북구 종암로9길 78
서울수유초등학교병설유치원,서울특별시 강북구 삼양로74길 39
서울동신초등학교병설유치원,서울특별시 성북구 보문사길 50
서울영림초등학교병설유치원,서울특별시 영등포구 시흥대로173길 14
나사렛유치원,서울특별시 마포구 매봉산로 24-1
자연유치원,서울특별시 은평구 통일로 630-1
하랑숲유치원,서울특별시 동작구 동작대로41길 7
아랑유치원,서울특별시 성북구 북악산로 844
서울길음유치원,서울특별시 성북구 길음로 142
서울경인유치원,서울특별시 양천구 안양천로 1009
서울탑동유치원,서울특별시 금천구 탑골로 47-3
서울화일초등학교병설유치원,서울특별시 강서구 까치산로10길 70
서울수서초등학교병설유치원,서울특별시 강남구 광평로51길 46
서울원명초등학교병설유치원,서울특별시 서초구 고무래로 90-6
레인보우유치원,서울특별시 양천구 목동중앙북로24길 19-8
무지개유치원,서울특별시 노원구 덕릉로94가길 54
봄샘유치원,서울특별시 종로구 율곡로 264
서울서신초등학교병설유치원,서울특별시 은평구 은평터널로 150
서울마장초등학교병설유치원,서울특별시 성동구 마장로35나길 31
서울역삼초등학교병설유치원,서울특별시 강남구 강남대로66길 21
서울묵현초등학교병설유치원,서울특별시 중랑구 동일로157길 75
서울양진초등학교병설유치원,서울특별시 광진구 워커힐로 32
삼성유치원,서울특별시 송파구 문정로 83
서울당중초등학교병설유치원,서울특별시 영등포구 선유로 131
서울홍파초등학교병설유치원,서울특별시 동대문구 고산자로 518
리틀바움유치원,서울특별시 송파구 올림픽로 525
세하유치원,서울특별시 동대문구 장안벚꽃로 107
행복한유치원,서울특별시 도봉구 시루봉로6길 86
토마토유치원,서울특별시 노원구 공릉로 181
서울연광초등학교병설유치원,서울특별시 은평구 연서로35길 37
서울도봉초등학교병설유치원,서울특별시 도봉구 도봉로173길 96
하나유치원,서울특별시 강북구 솔샘로 174
서울공진초등학교병설유치원,서울특별시 강서구 마곡서로 33
서울매봉초등학교병설유치원,서울특별시 구로구 고척로21길 55
서울봉천초등학교병설유치원,서울특별시 관악구 행운1라길 17
서울경수초등학교병설유치원,서울특별시 성동구 뚝섬로13길 22
은비유치원,서울특별시 관악구 청림5길 22
신반포중앙유치원,서울특별시 서초구 나루터로4길 58
서울수암초등학교병설유치원,서울특별시 노원구 중계로12길 9
서울신창초등학교병설유치원,서울특별시 도봉구 덕릉로60길 93
율화유치원,서울특별시 성동구 고산자로2길 35
해슬아유치원,서울특별시 관악구 은천로 93
한가람유치원,서울특별시 성북구 서경로 166
아이들이야기유치원,서울특별시 마포구 토정로31길 57-11
영은유치원,서울특별시 노원구 동일로213길 78
윤서유치원,서울특별시 강서구 화곡로13길 107
서울아람유치원,서울특별시 구로구 고척로25길 62
두산효자유치원,서울특별시 성북구 화랑로48길 16
서울혜화초등학교병설유치원,서울특별시 종로구 혜화로 32
서울미래초등학교병설유치원,서울특별시 구로구 새말로 73
서울삼성초등학교병설유치원,서울특별시 관악구 대학7길 52
선미유치원,서울특별시 광진구 면목로5길 54
아란유치원,서울특별시 양천구 목동서로 100
서울신성초등학교병설유치원,서울특별시 관악구 신림로 114
서울신미림초등학교병설유치원,서울특별시 구로구 신도림로 26
영생유치원,서울특별시 서초구 신반포로19길 30
예일유치원,서울특별시 광진구 천호대로111길 41
운현유치원,서울특별시 금천구 금하로 816
아이조아유치원,서울특별시 광진구 긴고랑로7길 65
성지유치원,서울특별시 영등포구 도신로29길 28
솔샘유치원,서울특별시 강북구 솔샘로 159
계상유치원,서울특별시 양천구 남부순환로86길 22
성락유치원,서울특별시 영등포구 가마산로51길 9
한양유치원,서울특별시 노원구 마들로 31
서울숭례초등학교병설유치원,서울특별시 성북구 종암로5길 14
사랑유치원,서울특별시 동작구 여의대방로24나길 6
아이비유치원,서울특별시 동대문구 한천로 246
동화나라유치원,서울특별시 노원구 덕릉로 780
신예유치원,서울특별시 양천구 신정로 290
신우주유치원,서울특별시 강남구 일원로 120
서울공릉초등학교병설유치원,서울특별시 노원구 동일로173길 12
서울태랑초등학교병설유치원,서울특별시 노원구 화랑로51나길 31
사랑유치원,서울특별시 도봉구 마들로 620
태영유치원,서울특별시 마포구 독막로 266
신세기유치원,서울특별시 강서구 허준로 47
목원유치원,서울특별시 구로구 개봉로20길 6
효림유치원,서울특별시 은평구 은평터널로 65
새삼선유치원,서울특별시 성북구 성북로6가길 28
큰솔유치원,서울특별시 관악구 관악로30길 12
옥수삼성유치원,서울특별시 성동구 독서당로 218
새소슬유치원,서울특별시 관악구 성현로 80
보고유치원,서울특별시 노원구 석계로13길 23-14
예린유치원,서울특별시 성북구 종암로25길 17
서울유치원,서울특별시 동대문구 한천로58길 47
조은유치원,서울특별시 서대문구 증가로 191
돌샘유치원,서울특별시 마포구 백범로37길 12
나랑유치원,서울특별시 관악구 봉천로33길 57
아이들세상유치원,서울특별시 성동구 독서당로 272
경동유치원,서울특별시 성동구 금호로 100
그림유치원,서울특별시 동대문구 답십리로56길 21
나래유치원,서울특별시 도봉구 마들로 684-9
서울백산초등학교병설유치원,서울특별시 금천구 시흥대로38길 78
서울마포초등학교병설유치원,서울특별시 마포구 도화2길 64
서울한남초등학교병설유치원,서울특별시 용산구 한남대로 112
서울강덕초등학교병설유치원,서울특별시 강동구 동남로82길 94-54
서울숭곡초등학교병설유치원,서울특별시 성북구 종암로40길 30
서울정덕초등학교병설유치원,서울특별시 성북구 아리랑로 63
동아유치원,서울특별시 동작구 만양로3길 48
한마음유치원,서울특별시 성북구 월계로 124
자람유치원,서울특별시 동대문구 고산자로 534
예슬유치원,서울특별시 강동구 상암로 11
서울신기초등학교병설유치원,서울특별시 양천구 신정로 292
수암유치원,서울특별시 중구 다산로 32
어린이의정원유치원,서울특별시 양천구 목동남로4길 6-46
다연유치원,서울특별시 노원구 월계로45가길 94
슬기유치원,서울특별시 도봉구 도봉로180나길 33-29
동부유치원,서울특별시 구로구 고척로 49
서울금화초등학교병설유치원,서울특별시 서대문구 통일로 165
서울개봉초등학교병설유치원,서울특별시 구로구 개봉로16길 30-11
동아유치원,서울특별시 구로구 신도림로 87
푸른솔유치원,서울특별시 동대문구 전농로10길 20
서울전동초등학교병설유치원,서울특별시 동대문구 전농로16길 61
서울관악초등학교병설유치원,서울특별시 관악구 청룡4길 49
서울수락초등학교병설유치원,서울특별시 노원구 동일로 1745
서울원당초등학교병설유치원,서울특별시 관악구 봉천로 505
서울대현초등학교병설유치원,서울특별시 강남구 역삼로98길 16
한울유치원,서울특별시 노원구 덕릉로122길 12-6
개동유치원,서울특별시 성북구 보국문로 143
하늘유치원,서울특별시 노원구 초안산로 89
약수유치원,서울특별시 중구 동호로10길 30
미광유치원,서울특별시 노원구 공릉로34길 62
준현유치원,서울특별시 강동구 성내로3가길 61
서울동일초등학교병설유치원,서울특별시 노원구 한글비석로 566
현대홍익유치원,서울특별시 서대문구 모래내로 432
서울휘경유치원,서울특별시 동대문구 망우로6길 48
서울명일유치원,서울특별시 강동구 암사19길 53
에덴유치원,서울특별시 성동구 행당로 79
좋은나라유치원,서울특별시 성북구 종암로24가길 53
정훈유치원,서울특별시 구로구 경인로 382
서울용강초등학교병설유치원,서울특별시 마포구 백범로17길 9
서울세륜초등학교병설유치원,서울특별시 송파구 양재대로 1264
충신유치원,서울특별시 용산구 이촌로71길 14
서울국악유치원,서울특별시 금천구 시흥대로38길 62
한양여자대학교부속유치원,서울특별시 성동구 살곶이길 200
화곡유치원,서울특별시 강서구 까치산로 60
영광유치원,서울특별시 성북구 북악산로 913
서울사근초등학교병설유치원,서울특별시 성동구 사근동11길 16
서울북성유치원,서울특별시 서대문구 북아현로1나길 32
서울잠신초등학교병설유치원,서울특별시 송파구 잠실로 32
새나유치원,서울특별시 서대문구 가재울로 45
새두산유치원,서울특별시 구로구 도림로 59
종인유치원,서울특별시 관악구 솔밭로 20
서울영중초등학교병설유치원,서울특별시 영등포구 양산로 185
동안유치원,서울특별시 동대문구 회기로25길 67
조은유치원,서울특별시 성동구 살곶이길 50
신라유치원,서울특별시 영등포구 영등포로64길 8
서울영등포초등학교병설유치원,서울특별시 영등포구 경인로 756
성산아트유치원,서울특별시 마포구 새터산2길 34
산정현유치원,서울특별시 동대문구 회기로23가길 33
학여울유치원,서울특별시 노원구 동일로207길 186
선화유치원,서울특별시 광진구 천호대로130길 58
시내유치원,서울특별시 금천구 가산로 99
꿀벌유치원,서울특별시 송파구 양산로8길 8
초안유치원,서울특별시 노원구 우이천로 102
서울장평초등학교병설유치원,서울특별시 동대문구 답십리로69길 27
현대경복유치원,서울특별시 서대문구 통일로34길 66
예림유치원,서울특별시 금천구 금하로 793
큰나무유치원,서울특별시 영등포구 도신로 31
서울명신초등학교병설유치원,서울특별시 종로구 낙산길 250
서울양남초등학교병설유치원,서울특별시 광진구 뚝섬로64길 71
럭키유치원,서울특별시 강남구 논현로 213
서울상곡초등학교병설유치원,서울특별시 노원구 노원로38길 34
청룡유치원,서울특별시 종로구 동망산길 62
사랑유치원,서울특별시 동대문구 제기로 131
신동아큰나무유치원,서울특별시 용산구 이촌로 347
성실유치원,서울특별시 노원구 한글비석로1길 28
샛별유치원,서울특별시 송파구 중대로9길 53-27
아주유치원,서울특별시 송파구 양산로2길 38
천사유치원,서울특별시 성북구 성북로4길 52
공항제일유치원,서울특별시 강서구 개화동로23길 100
서울방배초등학교병설유치원,서울특별시 서초구 방배중앙로13길 26
서울도신초등학교병설유치원,서울특별시 영등포구 도림로53길 32-9
보성유치원,서울특별시 광진구 아차산로 552
명성유치원,서울특별시 관악구 광신길 154
프라임유치원,서울특별시 광진구 광나루로56길 5
서울구의초등학교병설유치원,서울특별시 광진구 광나루로30길 49
서울신자초등학교병설유치원,서울특별시 광진구 뚝섬로46길 64
궁전유치원,서울특별시 은평구 갈현로33길 24
소망유치원,서울특별시 동작구 현충로 119
아랑유치원,서울특별시 노원구 동일로 1127
동심유치원,서울특별시 광진구 군자로12길 46
은성유치원,서울특별시 중랑구 동일로 752
새현대유치원,서울특별시 마포구 새창로 52
서울청룡초등학교병설유치원,서울특별시 관악구 관악로5길 61
서울신상계초등학교병설유치원,서울특별시 노원구 상계로 267
서울남정초등학교병설유치원,서울특별시 용산구 원효로64길 17-10
서울개포유치원,서울특별시 강남구 삼성로4길 20
삼성그린유치원,서울특별시 마포구 도화4길 62
자연유치원,서울특별시 도봉구 마들로 567
한가람유치원,서울특별시 송파구 한가람로 446
윤경유치원,서울특별시 중랑구 숙선옹주로 91
한사랑유치원,서울특별시 도봉구 노해로66길 79
새아랑유치원,서울특별시 중랑구 신내로 151
한신혜원유치원,서울특별시 영등포구 양평로24길 9
영은유치원,서울특별시 중랑구 신내로19길 42
예원유치원,서울특별시 강북구 삼양로49길 18
산내들유치원,서울특별시 노원구 공릉로46길 32
동천유치원,서울특별시 영등포구 신길로40길 10
경복유치원,서울특별시 서대문구 세검정로1길 95
해림유치원,서울특별시 양천구 목동서로2길 22
빛나유치원,서울특별시 양천구 목동로 212
청구이화유치원,서울특별시 광진구 아차산로 503-23
서울상암초등학교병설유치원,서울특별시 마포구 월드컵북로 353
서울숭신초등학교병설유치원,서울특별시 성동구 마장로 161
서울양목초등학교병설유치원,서울특별시 양천구 목동로11길 30
솔유치원,서울특별시 성동구 무학로 50
등현유치원,서울특별시 강서구 화곡로63가길 63
양지유치원,서울특별시 금천구 독산로108길 37
세진유치원,서울특별시 양천구 월정로46길 9
서울삼선초등학교병설유치원,서울특별시 성북구 보문로29길 106
서울옥수초등학교병설유치원,서울특별시 성동구 금호로1길 25
서울가락초등학교병설유치원,서울특별시 송파구 송파대로37길 45
예쁨유치원,서울특별시 구로구 부일로1길 125
서울난곡초등학교병설유치원,서울특별시 관악구 난곡로35길 102
서울서래초등학교병설유치원,서울특별시 서초구 방배로 260
반디유치원,서울특별시 성북구 성북로4길 52
한별유치원,서울특별시 도봉구 덕릉로59아길 17
세아유치원,서울특별시 성북구 성북로4길 52
학림유치원,서울특별시 노원구 상계로7길 25
이레유치원,서울특별시 노원구 월계로55길 16
하나유치원,서울특별시 종로구 평창길 317
보배유치원,서울특별시 노원구 마들로3길 37
예진유치원,서울특별시 노원구 섬밭로 123
동성유치원,서울특별시 중랑구 신내로 110
보라유치원,서울특별시 강서구 공항대로39길 100
서울내발산초등학교병설유치원,서울특별시 강서구 강서로46길 23
서울신남성초등학교병설유치원,서울특별시 동작구 사당로 146
서울창천초등학교병설유치원,서울특별시 마포구 백범로1길 56
광영유치원,서울특별시 양천구 남부순환로30길 17
은하유치원,서울특별시 영등포구 당산로28길 11
푸른유치원,서울특별시 강남구 일원로14길 25
서울동원초등학교병설유치원,서울특별시 중랑구 송림길 114
아람유치원,서울특별시 강서구 금낭화로23길 8
서안유치원,서울특별시 중랑구 동일로140길 15
서울충무초등학교병설유치원,서울특별시 중구 퇴계로50길 13
한가람유치원,서울특별시 용산구 이촌로89길 50
서울두산초등학교병설유치원,서울특별시 금천구 범안로11길 3
봄내유치원,서울특별시 중랑구 면목로61길 50
예원유치원,서울특별시 중랑구 신내로 51
아랑유치원,서울특별시 중랑구 중랑역로 47
한나유치원,서울특별시 강서구 금낭화로 287-19
동그라미유치원,서울특별시 동작구 사당로28길 34
열림유치원,서울특별시 동작구 여의대방로44길 49
서울고명초등학교병설유치원,서울특별시 강동구 고덕로46길 53
무지개유치원,서울특별시 동작구 상도로 407-5
서울창동초등학교병설유치원,서울특별시 도봉구 해등로16길 81
서울정곡초등학교병설유치원,서울특별시 강서구 방화대로50길 22
서울장충유치원,서울특별시 중구 청구로17길 40
서울은천초등학교병설유치원,서울특별시 관악구 은천로 69
서울길동초등학교병설유치원,서울특별시 강동구 양재대로116길 69
서울노일유치원,서울특별시 노원구 동일로231길 26
금성유치원,서울특별시 강북구 한천로123길 9
우리유치원,서울특별시 노원구 한글비석로 281
서울신도초등학교병설유치원,서울특별시 은평구 진관1로 77-23
서울고척초등학교병설유치원,서울특별시 구로구 경서로 31
서울여자대학교부속유치원,서울특별시 노원구 화랑로 621
구룡유치원,서울특별시 서초구 논현로5길 31-11
미래유치원,서울특별시 강서구 양천로6길 28
벧엘유치원,서울특별시 성동구 행당로6길 97
두솔유치원,서울특별시 노원구 초안산로 19
소망유치원,서울특별시 강남구 광평로56길 11
예지유치원,서울특별시 강서구 남부순환로11가길 89
보림유치원,서울특별시 은평구 연서로17길 35-1
하늘유치원,서울특별시 관악구 양산길 18
동화유치원,서울특별시 서초구 서초중앙로24길 43
유니유치원,서울특별시 강서구 허준로 175
서일유치원,서울특별시 마포구 새터산16길 14
장미유치원,서울특별시 송파구 올림픽로35길 118
청아유치원,서울특별시 도봉구 노해로69가길 11
새싹유치원,서울특별시 관악구 남현2길 90
해리유치원,서울특별시 강서구 허준로 234
대붕유치원,서울특별시 강서구 허준로 176
진일유치원,서울특별시 강서구 허준로 121
경성유치원,서울특별시 양천구 목동로3길 57
옥인유치원,서울특별시 종로구 자하문로 69
신동아유치원,서울특별시 동대문구 무학로26길 30
장미유치원,서울특별시 강서구 허준로 139
우리곰유치원,서울특별시 강서구 허준로 23
보나유치원,서울특별시 도봉구 해등로 307
자양하나유치원,서울특별시 광진구 아차산로41길 22-5
하늘빛유치원,서울특별시 강남구 양재대로55길 12
반디유치원,서울특별시 강남구 광평로47길 17
한성유치원,서울특별시 노원구 한글비석로 145
예일유치원,서울특별시 동대문구 사가정로 190
동원유치원,서울특별시 관악구 행운1길 96
이화유치원,서울특별시 강남구 개포로109길 5
한양제일유치원,서울특별시 서대문구 통일로25길 30
현대유치원,서울특별시 관악구 관악로40길 55
한아름유치원,서울특별시 종로구 혜화로6가길 34
고운유치원,서울특별시 노원구 동일로208길 34
사랑샘유치원,서울특별시 노원구 한글비석로 325
동국유치원,서울특별시 중랑구 용마산로 250
서울영서초등학교병설유치원,서울특별시 구로구 도림로20길 57
요요유치원,서울특별시 동작구 여의대방로 28
선경유치원,서울특별시 강남구 삼성로 151
동인유치원,서울특별시 광진구 자양로30길 6
천사유치원,서울특별시 서초구 바우뫼로 99
서울중곡초등학교병설유치원,서울특별시 중랑구 면목로23길 20
서울선린초등학교병설유치원,서울특별시 강동구 진황도로61길 29
하나유치원,서울특별시 서초구 잠원로8길 13
서울공항초등학교병설유치원,서울특별시 강서구 마곡서1로 68
아이코리아부속새세대유치원,서울특별시 송파구 충민로6길 17
서울미양초등학교병설유치원,서울특별시 강북구 솔샘로 195
동일유치원,서울특별시 금천구 탑골로10길 45
길물빛유치원,서울특별시 강북구 인수봉로 260
동화나라유치원,서울특별시 송파구 강동대로3길 23
초원유치원,서울특별시 강남구 논현로14길 17
로뎅유치원,서울특별시 중랑구 봉화산로 90
명신유치원,서울특별시 영등포구 신길로41라길 13-9
세성유치원,서울특별시 성동구 독서당로 434
예랑유치원,서울특별시 도봉구 해등로4길 9
동은유치원,서울특별시 노원구 동일로207길 23
솔샘유치원,서울특별시 도봉구 해등로 113
금호유치원,서울특별시 성동구 금호산2길 35
성희유치원,서울특별시 노원구 동일로215길 48
꿈동산유치원,서울특별시 노원구 동일로227길 26
꿈밭유치원,서울특별시 도봉구 해등로 264
미타유치원,서울특별시 성동구 독서당로40길 21
한신유치원,서울특별시 금천구 한내로 62
샬롬유치원,서울특별시 광진구 아차산로65길 65
햇살유치원,서울특별시 도봉구 우이천로32길 38
삼육대학교부속유치원,서울특별시 노원구 화랑로 815
광남유치원,서울특별시 광진구 아차산로70길 40
양지유치원,서울특별시 노원구 노원로30길 45
새소리유치원,서울특별시 동대문구 사가정로 148
유화유치원,서울특별시 도봉구 시루봉로 101
선덕유치원,서울특별시 노원구 섬밭로 190
새보람유치원,서울특별시 은평구 불광로 107
무지개나라유치원,서울특별시 은평구 가좌로7다길 13
국제유치원,서울특별시 강서구 양천로30길 4
한일유치원,서울특별시 광진구 뚝섬로35길 16-20
그리새유치원,서울특별시 강동구 천호대로187길 53-18
일신유치원,서울특별시 중구 퇴계로6길 36
신도유치원,서울특별시 구로구 구일로2길 45
바니유치원,서울특별시 구로구 구일로4길 46
육사유치원,서울특별시 노원구 공릉동 24-1
은선유치원,서울특별시 송파구 동남로11길 27
선희유치원,서울특별시 도봉구 해등로 241
파랑새유치원,서울특별시 영등포구 가마산로 384
수정유치원,서울특별시 송파구 위례성대로 28
미성유치원,서울특별시 노원구 공릉로59길 28
미광유치원,서울특별시 중랑구 용마산로115나길 7
우일유치원,서울특별시 송파구 토성로 38-6
세화유치원,서울특별시 양천구 목동동로 130
세희유치원,서울특별시 구로구 도림로 107
별나라유치원,서울특별시 송파구 새말로8길 14
리아유치원,서울특별시 송파구 양재대로 1218
대원유치원,서울특별시 노원구 동일로228길 29
연세유치원,서울특별시 노원구 섬밭로 265
목성유치원,서울특별시 양천구 목동동로 50
둔촌유치원,서울특별시 강동구 풍성로63길 73
예림유치원,서울특별시 동작구 현충로 151
인수유치원,서울특별시 강북구 인수봉로 298
등촌제일유치원,서울특별시 강서구 화곡로66길 118
아이디유치원,서울특별시 노원구 동일로221길 32
다솜유치원,서울특별시 도봉구 해등로 195
한양유치원,서울특별시 동대문구 답십리로 184
풍천유치원,서울특별시 노원구 노원로 522
노량진교회유치원,서울특별시 동작구 노량진로30길 9
서문유치원,서울특별시 은평구 가좌로10길 10
사랑유치원,서울특별시 구로구 신도림로11가길 36
올림픽유치원,서울특별시 송파구 양재대로 1218
까치유치원,서울특별시 노원구 덕릉로79길 23
누리에유치원,서울특별시 중랑구 중랑천로 20
상원유치원,서울특별시 노원구 노원로19길 33
배꽃유치원,서울특별시 관악구 봉천로29길 47
여나유치원,서울특별시 서초구 서초중앙로 200
예그린유치원,서울특별시 서대문구 홍제내길 84
메이플유치원,서울특별시 동작구 여의대방로 22
백상유치원,서울특별시 금천구 탑골로3길 50
평강유치원,서울특별시 영등포구 신길로 27
화랑유치원,서울특별시 강동구 천중로35길 37-1
서울유치원,서울특별시 관악구 관악로37길 20
영산유치원,서울특별시 노원구 동일로216길 47
소슬유치원,서울특별시 관악구 구암길 46
꿈밭유치원,서울특별시 송파구 올림픽로4길 32
수영유치원,서울특별시 양천구 목동서로 38
솔샘유치원,서울특별시 양천구 목동서로 130
효자유치원,서울특별시 노원구 마들로 111
샘터유치원,서울특별시 양천구 신월로 99
성수아름유치원,서울특별시 광진구 뚝섬로 476-15
꿈동산유치원,서울특별시 강북구 한천로115길 15
서울반포초등학교병설유치원,서울특별시 서초구 신반포로 55-4
사슴유치원,서울특별시 양천구 곰달래로9길 12
원일유치원,서울특별시 양천구 목동동로 350
상아유치원,서울특별시 송파구 백제고분로32길 15
석문유치원,서울특별시 서초구 서초대로64길 73
신아유치원,서울특별시 강남구 개포로110길 15
우성유치원,서울특별시 영등포구 도신로 68-1
자인유치원,서울특별시 은평구 갈현로 169-7
명덕유치원,서울특별시 강동구 동남로83길 66
밀알유치원,서울특별시 송파구 오금로46길 62
한서유치원,서울특별시 양천구 목동동로 430
한영중고등학교병설한영유치원,서울특별시 강동구 동남로 832
오송유치원,서울특별시 강동구 구천면로39길 26
제일무궁화유치원,서울특별시 송파구 동남로16길 3
피노키오유치원,서울특별시 은평구 증산로15길 35-8
그림유치원,서울특별시 송파구 동남로23나길 6
동그라미유치원,서울특별시 강서구 화곡로52길 14
동정성모유치원,서울특별시 구로구 경인로2길 11
혜원유치원,서울특별시 구로구 고척로 62-11
은영유치원,서울특별시 성북구 보문사길 18
서울윤중초등학교병설유치원,서울특별시 영등포구 여의나루로2길 14
예원유치원,서울특별시 송파구 마천로 30
동삼유치원,서울특별시 송파구 마천로41길 14
신양유치원,서울특별시 강남구 선릉로10길 18-6
새서울유치원,서울특별시 양천구 목동서로 340
라라유치원,서울특별시 은평구 갈현로 170-1
우정유치원,서울특별시 서초구 서초대로70길 32
우일유치원,서울특별시 강서구 곰달래로47길 88
성결유치원,서울특별시 강남구 언주로121길 5
성보나유치원,서울특별시 강동구 고덕로83길 68
서울은평초등학교병설유치원,서울특별시 은평구 은평로 239
서울서빙고초등학교병설유치원,서울특별시 용산구 서빙고로51길 14
서울자양초등학교병설유치원,서울특별시 광진구 아차산로44길 26
세인유치원,서울특별시 성동구 마장로42길 26
서울유치원,서울특별시 마포구 월드컵북로 233-1
바다의별유치원,서울특별시 은평구 통일로 790-1
영암유치원,서울특별시 성북구 안암로7길 66
육영유치원,서울특별시 서초구 방배로6길 18
원암유치원,서울특별시 노원구 중계로14라길 48
대유유치원,서울특별시 강서구 곰달래로57길 39
송곡유치원,서울특별시 성동구 무학로6길 41
선한유치원,서울특별시 성북구 길음로9길 73
서울영도초등학교병설유치원,서울특별시 양천구 목동중앙로 70
서울덕수초등학교병설유치원,서울특별시 중구 덕수궁길 140
서울연촌초등학교병설유치원,서울특별시 노원구 공릉로58길 36
준희유치원,서울특별시 구로구 경인로19길 8
서울잠일초등학교병설유치원,서울특별시 송파구 올림픽로 95
색동유치원,서울특별시 은평구 갈현로 212-1
불광유치원,서울특별시 송파구 송파대로49길 23
가람유치원,서울특별시 강동구 상암로63길 39
목동다솜유치원,서울특별시 양천구 월정로9길 23-4
수미유치원,서울특별시 강서구 강서로17길 130
일신유치원,서울특별시 구로구 오류로8길 22
근화유치원,서울특별시 강동구 고덕로 240
푸른꿈유치원,서울특별시 송파구 백제고분로46길 41
새싹유치원,서울특별시 마포구 월드컵북로5길 53
아름유치원,서울특별시 강북구 도봉로 88
햇빛유치원,서울특별시 송파구 올림픽로 419
혜림유치원,서울특별시 송파구 문정로13길 13
백합유치원,서울특별시 은평구 연서로14길 14-5
남부유치원,서울특별시 강남구 언주로 123
서울답십리초등학교병설유치원,서울특별시 동대문구 전농로3길 23
서울월촌초등학교병설유치원,서울특별시 양천구 목동중앙로 132
리라유치원,서울특별시 강남구 광평로19길 15
서울공덕초등학교병설유치원,서울특별시 마포구 만리재옛길 13
서울신천초등학교병설유치원,서울특별시 송파구 올림픽로 215
영유유치원,서울특별시 서초구 효령로34길 72
녹원유치원,서울특별시 강동구 상암로63길 39-10
청암유치원,서울특별시 노원구 중계로 244
까망유치원,서울특별시 성북구 장월로 102
선양유치원,서울특별시 광진구 동일로 256-1
서울재동초등학교병설유치원,서울특별시 종로구 북촌로4길 7
서울청덕초등학교병설유치원,서울특별시 성북구 정릉로9라길 11
서울신우유치원,서울특별시 관악구 호암로 498
등대유치원,서울특별시 양천구 목동동로12길 60
동산유치원,서울특별시 금천구 시흥대로152길 35
영천유치원,서울특별시 성북구 장위로 34
영재유치원,서울특별시 성북구 종암로15길 1
덕수유치원,서울특별시 성북구 성북로 127
시연유치원,서울특별시 송파구 오금로24길 25
홍익대학교사범대학부속유치원,서울특별시 마포구 성미산로 111
세종유치원,서울특별시 중랑구 동일로 834
의명유치원,서울특별시 송파구 오금로35길 17
지현유치원,서울특별시 도봉구 도봉산3길 21
정우유치원,서울특별시 용산구 원효로 179
미도유치원,서울특별시 강서구 공항대로58가길 39
영화유치원,서울특별시 광진구 영화사로 105
청운교회부설유치원,서울특별시 강남구 언주로65길 5
사군자유치원,서울특별시 동대문구 장한로5길 51
규전유치원,서울특별시 동대문구 휘경로 42
나래유치원,서울특별시 성북구 삼양로 73
총신대부속유치원,서울특별시 동작구 사당로 143
운산유치원,서울특별시 강북구 수유로4길 58
서울옥정초등학교병설유치원,서울특별시 성동구 한림말길 43
원유치원,서울특별시 용산구 이촌로81길 14
서울거여초등학교병설유치원,서울특별시 송파구 마천로25길 18
동선유치원,서울특별시 성북구 보문로 98
슬기유치원,서울특별시 광진구 자양로 296
신현유치원,서울특별시 서대문구 이화여대8길 28
기린유치원,서울특별시 송파구 백제고분로41길 20
건영유치원,서울특별시 관악구 조원로 114
미림유치원,서울특별시 중랑구 공릉로 65
정님유치원,서울특별시 마포구 숭문6길 19
서울성북초등학교병설유치원,서울특별시 성북구 성북로 102-10
성심유치원,서울특별시 영등포구 도림로 339
예은유치원,서울특별시 송파구 오금로32길 13
강남유치원,서울특별시 강남구 선릉로129길 31
서울홍제초등학교병설유치원,서울특별시 서대문구 홍은중앙로 13
천사유치원,서울특별시 도봉구 해등로26길 20
서울은로초등학교병설유치원,서울특별시 동작구 서달로 115
새샛별유치원,서울특별시 중랑구 망우로 458
성심유치원,서울특별시 용산구 보광로24길 9-4
보람유치원,서울특별시 은평구 갈현로4길 42
솔밭유치원,서울특별시 양천구 신월로10길 2-1
석촌유치원,서울특별시 송파구 백제고분로40길 20
새일문유치원,서울특별시 동대문구 장한로 165
빛나유치원,서울특별시 동대문구 전농로23길 47
홍신유치원,서울특별시 강서구 강서로45길 63
개봉샛별유치원,서울특별시 구로구 개봉로18길 11
대한유치원,서울특별시 양천구 오목로13길 31
정신유치원,서울특별시 광진구 뚝섬로23길 27
유정유치원,서울특별시 은평구 진흥로12길 23
성산유치원,서울특별시 광진구 뚝섬로59길 18
청은유치원,서울특별시 영등포구 선유서로 76
버들유치원,서울특별시 구로구 오류로8길 40
새시대유치원,서울특별시 강북구 도봉로97길 45
서울신원초등학교병설유치원,서울특별시 양천구 남부순환로58길 32
현대유치원,서울특별시 도봉구 삼양로 574-38
덕성여자대학교부속유치원,서울특별시 도봉구 삼양로144길 33
돌샘유치원,서울특별시 강남구 개포로 516
성신유치원,서울특별시 성북구 보문로34다길 2
광장유치원,서울특별시 광진구 광장로7길 17
신영유치원,서울특별시 강서구 곰달래로25길 4
한별유치원,서울특별시 관악구 남부순환로144길 65
탑주유치원,서울특별시 성북구 화랑로13길 17
방화이화유치원,서울특별시 강서구 양천로17길 4-55
유안유치원,서울특별시 강북구 인수봉로 297
꿈모리유치원,서울특별시 노원구 공릉로58길 23
럭키유치원,서울특별시 금천구 시흥대로47길 43
자양유치원,서울특별시 광진구 자양로5길 36
예크유치원,서울특별시 강동구 천호대로187길 73-10
공릉 사라유치원,서울특별시 노원구 동일로198가길 13
경하유치원,서울특별시 광진구 동일로72길 9
동산유치원,서울특별시 은평구 증산서길 53-9
한영유치원,서울특별시 영등포구 영중로41길 5
평화유치원,서울특별시 영등포구 선유동2로 40
여의유치원,서울특별시 영등포구 국제금융로7길 3
대림유치원,서울특별시 영등포구 디지털로 455-7
신길에덴유치원,서울특별시 영등포구 신길로38길 21
세검정유치원,서울특별시 종로구 자하문로 310
은혜유치원,서울특별시 동작구 성대로6가길 29
새성민유치원,서울특별시 서초구 효령로 110
홍제성당유치원,서울특별시 서대문구 통일로40길 18
동연유치원,서울특별시 양천구 목동중앙북로7길 22
튼튼유치원,서울특별시 양천구 중앙로52길 62
양문유치원,서울특별시 동작구 시흥대로 644-1
성모유치원,서울특별시 동작구 장승배기로5길 16
신일유치원,서울특별시 중랑구 면목로44길 55
성요셉유치원,서울특별시 영등포구 63로 45
상아유치원,서울특별시 동작구 양녕로26길 15
경은유치원,서울특별시 강북구 노해로21길 12
경원유치원,서울특별시 광진구 영화사로 89
유정유치원,서울특별시 강동구 강동대로55길 83
미파유치원,서울특별시 광진구 용마산로 185
진달래유치원,서울특별시 중랑구 상봉중앙로1가길 13
한성유치원,서울특별시 강동구 명일로 251
양서유치원,서울특별시 양천구 신월로13길 15
색동유치원,서울특별시 중랑구 동일로109길 31
강서유치원,서울특별시 강서구 까치산로 116
성실유치원,서울특별시 강북구 삼각산로 143-1
세종유치원,서울특별시 서대문구 거북골로16길 36
윤진유치원,서울특별시 광진구 아차산로21길 15
무학유치원,서울특별시 성동구 무학봉15가길 4
홍릉유치원,서울특별시 동대문구 홍릉로29길 17
은하유치원,서울특별시 성북구 돌곶이로 64
조형유치원,서울특별시 금천구 독산로1길 3
나래유치원,서울특별시 중랑구 봉우재로41길 12
미림유치원,서울특별시 구로구 개봉로18길 37
동덕여자대학교부속유치원,서울특별시 성북구 장월로1가길 9
서강유치원,서울특별시 강서구 금낭화로 35
어린이회관유치원,서울특별시 광진구 광나루로 441
새봄유치원,서울특별시 노원구 동일로245길 162
서울남유치원,서울특별시 구로구 구로동로17길 37-4
동일유치원,서울특별시 중랑구 면목로35길 21
애동유치원,서울특별시 관악구 법원단지길 56
영중유치원,서울특별시 영등포구 영중로 163
송원유치원,서울특별시 강동구 성안로 64
일민유치원,서울특별시 용산구 효창원로 17
새순유치원,서울특별시 서초구 서초대로15길 57
꿀벌유치원,서울특별시 구로구 디지털로27다길 15
문성유치원,서울특별시 강서구 우현로 8
효천유치원,서울특별시 노원구 중계로18길 14
등촌유치원,서울특별시 양천구 목동중앙북로8길 46
반포성모유치원,서울특별시 서초구 신반포로15길 18
벧엘유치원,서울특별시 서대문구 연희로10길 17-6
정의유치원,서울특별시 도봉구 노해로49길 69
동우유치원,서울특별시 서초구 명달로22길 24
희망찬유치원,서울특별시 성북구 동소문로34길 24
아란유치원,서울특별시 강남구 압구정로 201
강변유치원,서울특별시 용산구 이촌로84길 9-7
여의도유치원,서울특별시 영등포구 여의동로 257
침례유치원,서울특별시 영등포구 국제금융로 118
신정유치원,서울특별시 양천구 신정로7길 81-4
서울독산초등학교병설유치원,서울특별시 금천구 시흥대로104길 31
영동제일유치원,서울특별시 강남구 삼성로120길 28
인애유치원,서울특별시 광진구 능동로4길 13
염광유치원,서울특별시 노원구 월계로45가길 9
인왕유치원,서울특별시 서대문구 통일로32길 23
명지전문대학부속명지유치원,서울특별시 서대문구 명지2길 37
예닮유치원,서울특별시 관악구 신원로3길 59-9
송림유치원,서울특별시 동작구 사당로2다길 95
명덕유치원,서울특별시 성북구 삼양로 74
신창유치원,서울특별시 도봉구 덕릉로 272
은아유치원,서울특별시 관악구 남부순환로246길 25
승혜유치원,서울특별시 동작구 성대로21길 15
신림유치원,서울특별시 관악구 난곡로32길 12
성보유치원,서울특별시 양천구 목동중앙본로7길 13
나비유치원,서울특별시 구로구 고척로 30
엔젤유치원,서울특별시 은평구 진흥로7길 25
현정유치원,서울특별시 광진구 광나루로 534-1
성북유치원,서울특별시 노원구 광운로17길 5-3
도원유치원,서울특별시 용산구 새창로12길 11-8
동명유치원,서울특별시 강북구 오패산로 130
숭의여자대학교부설유치원,서울특별시 중구 소파로2길 10
성체유치원,서울특별시 강북구 삼각산로 161
선미유치원,서울특별시 강서구 까치산로2길 43
성요셉유치원,서울특별시 강남구 압구정로77길 28
사랑유치원,서울특별시 성북구 월곡로7길 72
화계유치원,서울특별시 강북구 덕릉로 45
천호유치원,서울특별시 강동구 구천면로 236-1
성결유치원,서울특별시 마포구 독막로28길 19
서울석관초등학교병설유치원,서울특별시 성북구 돌곶이로22길 21
젬마유치원,서울특별시 동대문구 이문로12길 20
로사유치원,서울특별시 성동구 성덕정길 23
대건유치원,서울특별시 용산구 이촌로81길 38
강남유치원,서울특별시 동작구 상도로41가길 13
예일유치원,서울특별시 은평구 연서로 117
살레시오성미유치원,서울특별시 영등포구 신길로 93
세종유치원,서울특별시 종로구 사직로8길 9
삼성유치원,서울특별시 서대문구 증가로20나길 12
선경유치원,서울특별시 광진구 뚝섬로66길 14
선일유치원,서울특별시 은평구 갈현로29길 27
광운유치원,서울특별시 성북구 장월로42길 9
청원유치원,서울특별시 노원구 한글비석로 506
계성유치원,서울특별시 용산구 효창원로15길 15
성심유치원,서울특별시 성동구 무학로10길 21
명수유치원,서울특별시 동작구 흑석로13길 3
영락유치원,서울특별시 중구 수표로 33
녹번유치원,서울특별시 은평구 은평로16길 11
상명사대부속유치원,서울특별시 종로구 홍지문2길 1
은혜유치원,서울특별시 은평구 통일로78가길 20
백주유치원,서울특별시 동대문구 서울시립대로18길 19
충암유치원,서울특별시 은평구 가좌로5길 5
유성유치원,서울특별시 용산구 회나무로13가길 16
리라유치원,서울특별시 중구 소파로2길 7
신암유치원,서울특별시 성북구 보문로27길 15
운현유치원,서울특별시 종로구 삼일대로 460
돈보스꼬유치원,서울특별시 영등포구 도영로22길 22
신촌유치원,서울특별시 서대문구 신촌로 43
새싹유치원,서울특별시 성북구 정릉로 282
영은유치원,서울특별시 영등포구 양산로 61
소화유치원,서울특별시 동대문구 약령시로 45
와우랩유치원,서울특별시 은평구 응암로28길 34
배영유치원,서울특별시 마포구 잔다리로6길 11
경희유치원,서울특별시 동대문구 경희대로 26
한일유치원,서울특별시 중구 퇴계로88다길 5
벧엘유치원,서울특별시 동작구 장승배기로20길 46-3
공능유치원,서울특별시 노원구 동일로186길 27
가명유치원,서울특별시 중구 청파로 447-1
상도유치원,서울특별시 동작구 상도로47길 53
수산유치원,서울특별시 중랑구 중랑역로 35-1
성모유치원,서울특별시 영등포구 가마산로89길 7
근화유치원,서울특별시 중구 동호로20길 24
복자유치원,서울특별시 용산구 후암로34길 21-8
신일유치원,서울특별시 중구 동호로10길 27
혜화유치원,서울특별시 종로구 창경궁로 296
묘동유치원,서울특별시 강남구 도곡로78길 8
배화여자대학교 부속 배화유치원,서울특별시 종로구 필운대로1길 34
중앙대부속유치원,서울특별시 동작구 흑석로 47
이화여자대학교사범대학부속이화유치원,서울특별시 서대문구 이화여대길 52
